test_protocal,test_host,test_path,test_sleepTime,test_method,sad,三度空间,,,,,
http,www.baidu.com,/examine/add_keyword,500,POST,微软,微软,,,,,
keyword,轻微,a,b,c,d,e,f,i,j,k,l
sdfwef,sdfwef,sdfwef,sdfwef,sdfwef,sdfwef,sdfwef,sdfwef,sdfwef,sdfwef,sdfwef,sdfwef
sdfvdvsxdcv,sdfvdvsxdcv,sdfvdvsxdcv,sdfvdvsxdcv,sdfvdvsxdcv,sdfvdvsxdcv,sdfvdvsxdcv,sdfvdvsxdcv,sdfvdvsxdcv,sdfvdvsxdcv,sdfvdvsxdcv,sdfvdvsxdcv
214156dwe,214156dwe,214156dwe,214156dwe,214156dwe,214156dwe,214156dwe,214156dwe,214156dwe,214156dwe,214156dwe,214156dwe
是的撒佛挡杀佛,是的撒佛挡杀佛,是的撒佛挡杀佛,是的撒佛挡杀佛,是的撒佛挡杀佛,是的撒佛挡杀佛,是的撒佛挡杀佛,是的撒佛挡杀佛,是的撒佛挡杀佛,是的撒佛挡杀佛,是的撒佛挡杀佛,是的撒佛挡杀佛
,,,,,,,,,,,
司法所地方,司法所地方,司法所地方,司法所地方,司法所地方,司法所地方,司法所地方,司法所地方,司法所地方,司法所地方,司法所地方,司法所地方
152165#%#￥6,152165#%#￥6,152165#%#￥6,152165#%#￥6,152165#%#￥6,152165#%#￥6,152165#%#￥6,152165#%#￥6,152165#%#￥6,152165#%#￥6,152165#%#￥6,152165#%#￥6
23%￥#￥%,23%￥#￥%,23%￥#￥%,23%￥#￥%,23%￥#￥%,23%￥#￥%,23%￥#￥%,23%￥#￥%,23%￥#￥%,23%￥#￥%,23%￥#￥%,23%￥#￥%
,s,jkj,jkj,jkl,kjkl,jljk,kjlk,kjkl,kjlj,ljkl,kljlk
dfgsre,dgsfg,dfgs,g,wef,we,wef,sdg,sdgf,dsf,kdsfkj,
dgsdgf,,sdgdfg,dg,dsfgw,r,tyh,ret,yt,hgdf,fgds,ghre
sg,sgd,gsd,sdg,sdg,sdgf,sdgf,sdfg,sdfg,dsfg,,gdsfg
dfgsre,dfg,er,erg,,ertgre,ergh,erg,ergft,hy,erhtrh,erhrt